rc,f_b_nonAB,f_ab_AB,f_total,T06_AB,I_nonAB,I_AB,TSFC_nonAB,TSFC_AB,eta_th_nonAB,eta_th_AB,eta_p_nonAB,eta_p_AB,eta_0_nonAB,eta_0_AB,AR_nonAB,AR_AB
2,0.0351415358708955,0.0189956492935197,0.0541371851644152,2000,656.907157037237,890.194854403196,5.34954376648745e-05,6.0814983255222e-05,0.356776980912995,0.349999913375122,0.6452443487022,0.578574451449042,0.230208330681143,0.202501007888223,1.73647468722906,1.70748835563813
2.58585858585859,0.0342256449866859,0.01994233258898,0.0541679775756659,2000,678.628878313267,933.091383007626,5.0433522769844e-05,5.80521678391956e-05,0.383793173114303,0.374921286630925,0.636240382841846,0.565821231587343,0.244184715394331,0.212138424149821,1.90080676664846,1.86812679330878
3.17171717171717,0.0334481024901047,0.0207460161998931,0.0541941186899977,2000,691.549996333202,963.512234646817,4.83668609174408e-05,5.62464250491464e-05,0.403625719313411,0.392996293231056,0.630828123424669,0.557127251335776,0.254618455080411,0.218948944632967,2.03767266833936,2.00197563949647
3.75757575757576,0.0327673734973856,0.0214496314200607,0.0542170049174463,2000,699.448074404735,986.442142250363,4.68474711654217e-05,5.49621742576422e-05,0.418986462415432,0.406831206805991,0.627410289832395,0.550756481706072,0.262876417819916,0.224064924108703,2.15406515254036,2.11583163917301
4.34343434343434,0.0321587637442081,0.0220787027392764,0.0542374664834845,2000,704.20248522258,1004.44230497705,4.56669273668405e-05,5.39975927086463e-05,0.431322596776026,0.417812162183089,0.625221318114691,0.545861298604253,0.269672082488958,0.228067489421912,2.25452601982786,2.21411958016834
4.92929292929293,0.0316062757902081,0.0226497654346391,0.0542560412248472,2000,706.86124079536,1018.98636721879,4.47135505048271e-05,5.32451100135256e-05,0.441491025720871,0.426757309271043,0.62384506512015,0.541972291557587,0.275421997690798,0.231290636844577,2.34219024288371,2.29989761542689
5.51515151515152,0.0310988939580441,0.0231742055324836,0.0542730994905276,2000,708.057440778928,1030.99233604908,4.39214280748641e-05,5.26416129323624e-05,0.45003792674142,0.434186562449585,0.623034667666553,0.538805741185672,0.280389230124685,0.233942212593508,2.41932433754771,2.37537851058438
6.1010101010101,0.0306286777647683,0.0236602304761789,0.0542889082409473,2000,708.196940568963,1041.06687610543,4.32488140095061e-05,5.21473783164044e-05,0.457331157651835,0.440449089590178,0.622633935690296,0.536178733609308,0.284749898602561,0.236159435075835,2.48762712455757,2.44222170817464
6.68686868686869,0.0301896957237628,0.0241139711699578,0.0543036668937206,2000,707.552131499696,1049.62965552907,4.26678040807736e-05,5.17360257569595e-05,0.463629332843324,0.445789691245515,0.622539028083536,0.533967341024365,0.288627354259301,0.23803713609044,2.54840907960779,2.50170781036204
7.27272727272727,0.0297773886049281,0.0245401401260306,0.0543175287309587,2000,706.312626067979,1056.98177106849,4.21589357260934e-05,5.13892767290111e-05,0.469120620125262,0.450386012230633,0.622678139392236,0.532084222461514,0.29211115489013,0.239643291125278,2.60270508048423,2.55484840091408
7.85858585858586,0.0293881688554998,0.0249424455113113,0.0543306143668111,2000,704.614395117033,1063.34578454415,4.17081584752729e-05,5.10940233708666e-05,0.47394584007774,0.454370656912271,0.623000004610593,0.530465814439623,0.295268260553604,0.241028100576434,2.65134841526204,2.60245819621301
8.44444444444444,0.0290191577004607,0.0253238628857353,0.0543430205861959,2000,702.557375084957,1068.89034161979,4.13050360434285e-05,5.08405946524362e-05,0.478212886384778,0.457844971018991,0.623467041646187,0.529064608719118,0.298149973551402,0.242229570446178,2.69502113836942,2.64520416949474
9.03030303030303,0.028668006435693,0.0256868199172622,0.0543548263529552,2000,700.216556031559,1073.74594477595,4.09416289699967e-05,5.06216825473525e-05,0.482006088695317,0.460887974711823,0.624051078574288,0.527844289846636,0.300796419529686,0.243277085710616,2.73428938640606,2.68364001992093
9.61616161616162,0.0283327712978734,0.0260333257188775,0.0543660970167509,2000,697.649210795587,1078.01541421246,4.06117728787555e-05,5.0431650883645e-05,0.485392496497928,0.463562348091019,0.624730592453296,0.526776559560487,0.303239541909535,0.244193778869168,2.76962879414131,2.7182309889427
10.2020202020202,0.0280118235986718,0.0263650637356968,0.0543768873343686,2000,694.899749873129,1081.7810334088,4.03105967497988e-05,5.02660757168403e-05,0.488426217723841,0.465918557128284,0.625488868634459,0.525838997348503,0.305505162335493,0.244998146926398,2.80144319832371,2.74937212862386
10.7878787878788,0.0277037837525878,0.0266834599351257,0.0543872436877135,2000,692.003066217372,1085.10955606749,4.00341921951621e-05,5.01214309500843e-05,0.491151488617087,0.467997768451731,0.626312740379996,0.525013579898963,0.307614434777482,0.245705183799569,2.83007867213309,2.7774020128932
11.3737373737374,0.0274074719068758,0.0269897338367648,0.0543972057436406,2000,688.986891615841,1088.05579345088,3.97793807696379e-05,4.99948679755791e-05,0.493604892944437,0.469833953188273,0.627191705455102,0.524285632295005,0.309584894626805,0.246327191220975,2.85583423752329,2.80261320546428
11.959595959596,0.0271218703646765,0.0272849373526194,0.0544068077172958,2000,685.873489624264,1090.66523547558,3.95435466962492e-05,4.98840578645308e-05,0.495816996874477,0.47145543450172,0.628117294104722,0.523643069622909,0.311431230447926,0.246874370912883,2.87897016662654,2.82526037331518
12.5454545454545,0.0268460945505774,0.0275699847976814,0.0544160793482588,2000,682.680893195029,1092.97599942684,3.93245143055556e-05,4.97870761817228e-05,0.497813573784787,0.472886045238869,0.629082608582706,0.523075838495327,0.313165861584413,0.247355264626061,2.8997145023553,2.84556666067801
13.1313131313131,0.0265793702724826,0.0278456763925202,0.0544250466650028,2000,679.423823612426,1095.02030147878,3.9120456699859e-05,4.97023174743922e-05,0.499616535747963,0.474146007047772,0.63008198218054,0.52257549904722,0.314799377174251,0.247777086254236,2.91826824272854,2.86372875748427
13.7171717171717,0.026321015697222,0.0281127168936559,0.0544337325908779,2000,676.114382380856,1096.82558351949,3.89298266434382e-05,4.9628430817789e-05,0.501244651589123,0.475252607087957,0.631110723038911,0.522134907467107,0.316340874483798,0.248145976025372,2.93480950815135,2.87992097397672
14.3030303030303,0.0260704269051122,0.028371730524657,0.0544421574297692,2000,672.762578763748,1098.41538700174,3.87513035475584e-05,4.95642705610449e-05,0.502714107233934,0.47622072536091,0.632164919113041,0.521747971680606,0.317798222936524,0.248467197529322,2.9494969246107,2.89429854901546
14.8888888888889,0.0258270661967537,0.0286232730624705,0.0544503392592242,2000,669.376736631745,1099.81003844174,3.85837522927875e-05,4.95088582173445e-05,0.504038947879443,0.477063250242566,0.633241287912357,0.521409461064276,0.319178272513168,0.248745292202548,2.96247239529133,2.90700036058963
15.4747474747475,0.0255904525410525,0.0288678417105398,0.0544582942515923,2000,665.963811512798,1101.02719283122,3.84261908810352e-05,4.94613526406703e-05,0.505231430476077,0.477791409271141,0.634337059470523,0.521114856613153,0.320487019960281,0.248984201733327,2.97386339005338,2.91815116500249
16.0606060606061,0.0253601537069018,0.0291058832316568,0.0544660369385586,2000,662.529640025415,1102.08226857258,3.82777647592174e-05,4.94210264439726e-05,0.506302307344334,0.478415034943749,0.635449884286046,0.520860231775732,0.321729742615715,0.249187365985796,2.98378485108646,2.92786346080004
16.6464646464646,0.0251357797317222,0.0293378006990109,0.0544735804307331,2000,659.079137835967,1102.98879868119,3.81377262437004e-05,4.93872471741014e-05,0.507261056346603,0.478942780134301,0.63657776024131,0.520642156804138,0.322911107106761,0.249357802034893,2.99234079024958,2.93623905123834
17.2323232323232,0.0249169774610869,0.0295639591401422,0.0544809366012291,2000,655.61645803056,1103.75871669742,3.80054178870621e-05,4.93594621515132e-05,0.508116069170777,0.479382294072523,0.63771897409752,0.520457621325466,0.324035258354053,0.24949816847853,2.9996256366888,2.94337036255862
17.8181818181818,0.0247034259536583,0.0297846902864921,0.0544881162401504,2000,652.145118760629,1104.40259121017,3.78802589224405e-05,4.93371861618363e-05,0.508874806482967,0.479740367165336,0.638872054292925,0.520303971169587,0.325105892995688,0.24961081816648,3.00572538063114,2.94934156293657
18.4040404040404,0.0244948325906101,0.0300002965947829,0.054495129185393,2000,648.66810683228,1104.92981958169,3.77617341327735e-05,4.93199913873479e-05,0.509543926653439,0.480023050993888,0.640035732585181,0.520178856451974,0.326126320379964,0.249697841736588,3.01071854962659,2.95422951756609
18.989898989899,0.0242909297627266,0.0302110546712988,0.0545019844340254,2000,645.187962310199,1105.34878901906,3.76493846471484e-05,4.93074991129207e-05,0.510129393237041,0.480235758375945,0.641208912671441,0.520080188616392,0.327099513559265,0.249761103796498,3.01467704613824,2.95810460813272
19.5757575757576,0.0240914720343761,0.0304172182032602,0.0545086902376362,2000,641.706848026115,1105.66701131436,3.75428002809713e-05,4.92993728490091e-05,0.510636565247998,0.48038334730236,0.642390644356295,0.52000610466597,0.328028152181547,0.2498022731771,3.01766686968273,2.96103143936376
20.1616161616162,0.0238962337036104,0.0306190204807541,0.0545152541843645,2000,638.226607001117,1105.89123620225,3.7441613122169e-05,4.92953125947319e-05,0.511070273405021,0.480470191738933,0.64358010216266,0.519954937203355,0.328914658770302,0.249822848373701,3.01974874228179,2.96306945099991
20.7474747474747,0.0237050066932501,0.0308166765765511,0.0545216832698012,2000,634.748810128261,1106.02754723905,3.73454921301233e-05,4.929505002466e-05,0.511434884862864,0.48050024166116,0.644776567524821,0.519925189197331,0.329761229574329,0.249824179055042,3.02097865249606,2.96427345012279
21.3333333333333,0.0235175987200474,0.0310103852384953,0.0545279839585426,2000,631.274795958458,1106.08144330621,3.72541385631289e-05,4.92983444289165e-05,0.511734358438173,0.480477074209277,0.645979413887914,0.519915512619556,0.330569860930199,0.249807484339461,3.02140833054944,2.96469407607064
21.9191919191919,0.0233338316986898,0.0312003305391583,0.0545341622378481,2000,627.805704047322,1106.05790822159,3.71672820878527e-05,4.93049792714132e-05,0.511972291942755,0.480403937478534,0.647188094179655,0.519924690269285,0.331342371895222,0.249773868397672,3.02108566485003,2.96437820802216
22.5050505050505,0.0231535403450948,0.0313866833195024,0.0545402236645972,2000,624.342503023346,1105.96147045908,3.70846774534411e-05,4.93147592582566e-05,0.512151962928612,0.480283788168445,0.648402130229134,0.519951620238975,0.332080423763944,0.249724333832696,3.02005506844576,2.9633693235994
23.0909090909091,0.0229765709496089,0.0315696024569265,0.0545461734065354,2000,620.886014306792,1105.79625459804,3.70061016356791e-05,4.93275078295168e-05,0.512276363905765,0.480119324085557,0.649621103792131,0.519995302579249,0.332785536967082,0.249659793202014,3.01835780252609,2.96170781544532
23.6767676767677,0.0228027802956857,0.0317492359829422,0.0545520162786279,2000,617.43693222796,1105.56602582444,3.69313513744701e-05,4.93430650041436e-05,0.512348232900898,0.479913012312598,0.650844648908586,0.520054827804698,0.33345910576132,0.249581078979462,3.01603226292109,2.95943127159778
24.2626262626263,0.0226320347036459,0.0319257220715629,0.0545577567752089,2000,613.995841151209,1105.27422856746,3.68602410420437e-05,4.93612855208982e-05,0.512370080070772,0.47966711371197,0.652072445369898,0.520129366947806,0.334102411046118,0.249488952200688,3.01311423460255,2.9565747245553
24.8484848484848,0.0224642091823985,0.0320991899161021,0.0545633990985006,2000,610.563230098423,1104.92402016456,3.67926007905475e-05,4.93820372285639e-05,0.512344210960662,0.479383704315308,0.653304213114955,0.520218162920693,0.334716631585658,0.249384109993026,3.00963711841414,2.95317087316975
25.4343434343434,0.0222991866746936,0.0322697605092945,0.0545689471839881,2000,607.139505275781,1104.51830029435,3.67282749366879e-05,4.94051996869999e-05,0.512272746898162,0.479064694056995,0.654539707406654,0.520320522986409,0.335302853867126,0.249267192156059,3.00563213361549,2.94925028087314
26.020202020202,0.0221368573836925,0.0324375473393679,0.0545744047230604,2000,603.725000835789,1104.05973679275,3.666712054834e-05,4.94306629472759e-05,0.512157642931547,0.478711843233432,0.655778714666923,0.520435812175393,0.335862080788491,0.249138786931171,3.00112849929345,2.94484155322529
26.6060606060606,0.0219771181704709,0.0326026570127952,0.0545797751832661,2000,600.31998814858,1103.55078836639,3.66090062039239e-05,4.94583264845127e-05,0.512000703655725,0.478326777007812,0.657021048869483,0.520563447510195,0.336395239337798,0.248999436075627,2.99615359724994,2.9399714973357
27.1919191919192,0.0218198720135967,0.0327651898128859,0.0545850618264826,2000,596.924683809663,1102.99372463504,3.65538109001274e-05,4.94880982614329e-05,0.511803597214475,0.47791099822926,0.658266548406681,0.520702892923927,0.336903187400496,0.248849639338138,2.99073311860554,2.93466526534994
27.7777777777778,0.0216650275231967,0.0329252402020567,0.0545902677252534,2000,593.539256573145,1102.39064386656,3.65014230874666e-05,4.9519893904199e-05,0.51156786772296,0.477465898793388,0.659515073360708,0.520853654776246,0.337386719810289,0.248689858417561,2.98489119604617,2.92894648388663
28.3636363636364,0.0215124985029901,0.0330828972745224,0.0545953957775125,2000,590.163833368384,1101.74348871208,3.64517398163941e-05,4.95536359750432e-05,0.511294946317481,0.476992769736634,0.66076650312086,0.521015277885735,0.337846573741569,0.248520520473819,2.97865052337768,2.92283737105382
28.9494949494949,0.0213622035546689,0.0332382451652164,0.0546004487198853,2000,586.798504532473,1101.05406020268,3.64046659793195e-05,4.95892533286101e-05,0.510986161008658,0.476492810228084,0.662020734297874,0.521187342009997,0.338283433527004,0.248342021249649,2.97203246383092,2.91635884245611
29.5353535353535,0.0212140657197607,0.0333913634199681,0.0546054291397289,2000,583.443328369977,1100.32403023001,3.63601136361068e-05,4.96266805409259e-05,0.510642745488585,0.475967135598429,0.663277678894061,0.521369458715109,0.338697934971759,0.248154727853134,2.9650571483709,2.90953060741952
30.1212121212121,0.0210680121547548,0.0335423273313001,0.0546103394860549,2000,580.098335133947,1099.55495270134,3.63180014124503e-05,4.96658574015702e-05,0.510265847020957,0.475416784525726,0.66453726269432,0.521561268584693,0.339090669225705,0.247958981243693,2.95774356510286,2.902371256503
30.7070707070707,0.0209239738358173,0.0336912082436393,0.0546151820794566,2000,576.763530507844,1098.74827353207,3.6278253962059e-05,4.97067284610049e-05,0.509856533525145,0.47484272548071,0.665799423848414,0.521762438726033,0.339462186266391,0.247755098458132,2.95010964073023,2.8948983412314
31.2929292929293,0.020781885289893,0.0338380738312566,0.0546199591211496,2000,573.438898655985,1097.90533961634,3.62408014848682e-05,4.97492426261777e-05,0.509415799949886,0.474245862520257,0.667064111619307,0.521972660536731,0.339812998038409,0.247543374608235,2.94217231490147,2.88712844686884
31.8787878787879,0.0206416843493868,0.0339829883518325,0.0546246727012193,2000,570.124404900129,1097.0274068968,3.62055792945799e-05,4.97933527984846e-05,0.508944574019376,0.47362704050553,0.668331285276029,0.52219164770046,0.340143581288631,0.247324084677075,2.93394760818139,2.87907725895211
32.4646464646465,0.0205033119279651,0.0341260128781933,0.0546293248061584,2000,566.819998071373,1096.11564763849,3.61725274297456e-05,4.98390155490014e-05,0.508443721423569,0.472987049811172,0.669600913112649,0.522419134384683,0.340454380131615,0.247097485137518,2.92545068429432,2.87075962421802
33.0505050505051,0.0203667118153127,0.034267205510455,0.0546339173257677,2000,563.525612579507,1095.1711569979,3.61415903033853e-05,4.98861908265835e-05,0.507914050515149,0.472326630583205,0.670872971577531,0.522654873616835,0.340745808375078,0.24686381541333,2.91669590721126,2.86218960648421
33.6363636363636,0.0202318304889364,0.0344066215705462,0.0546384520594826,2000,560.241170235974,1094.19495896643,3.61127163867924e-05,4.99348416950247e-05,0.50735631656763,0.471646476595874,0.672147444499265,0.522898635818584,0.341018251631493,0.246623299200624,2.90769689358692,2.85338053797862
34.2222222222222,0.0200986169413286,0.0345443137808559,0.0546429307221845,2000,556.966581861579,1093.18801175723,3.6085857923741e-05,4.99849340959654e-05,0.506771225642229,0.470947238751355,0.67342432239751,0.523150207480411,0.341272069238674,0.246376145665098,2.89846656099533,2.84434506655687
34.8080808080808,0.0199670225209983,0.0346803324285467,0.054647354949545,2000,553.701748705775,1092.15121269609,3.60609706717909e-05,5.00364366346692e-05,0.506159438105223,0.470229528260726,0.674703601868589,0.523409389961028,0.341507596009375,0.246122550528608,2.88901717236283,2.83509519919769
35.3939393939394,0.0198370007860416,0.0348147255169073,0.0546517263029489,2000,550.446563700754,1091.08540266915,3.60380136678006e-05,5.00893203861522e-05,0.505521571832479,0.469493919539976,0.675985285037012,0.523675998398085,0.341725143827536,0.245862697056927,2.87936037695359,2.82564234212397
35.979797979798,0.0197085073690745,0.034947538904961,0.0546560462740355,2000,547.200912570447,1089.9913701741,3.60169490151156e-05,5.01435587194656e-05,0.504858205133419,0.468740952850698,0.67726937906527,0.523949860718284,0.341925003106718,0.245596756959079,2.8695072482245,2.81599733785957
36.5656565656566,0.0195814998524744,0.0350788164364182,0.0546603162888926,2000,543.964674811892,1088.86985501579,3.59977416902042e-05,5.01991271382014e-05,0.50416987942291,0.46797113671165,0.678555895715224,0.524230816736473,0.34210744412445,0.245324891207444,2.85946831883263,2.80617049949911
37.1515151515151,0.0194559376529938,0.0352086000589423,0.0546645377119361,2000,540.737724564157,1087.72155168255,3.59803593667811e-05,5.02560031355246e-05,0.503457101666257,0.467184950104294,0.679844850955253,0.524518717334521,0.34227271824466,0.245047250786696,2.84925361304901,2.79617164243892
37.7373737373737,0.019331781914905,0.0353369299345974,0.0546687118495024,2000,537.519931378057,1086.54711243502,3.59647722556884e-05,5.03141660622396e-05,0.502720346619615,0.466382844492774,0.681136264608077,0.524813423711871,0.342421059038962,0.244763977378734,2.83887267680627,2.78601011379205
38.3232323232323,0.0192089954109231,0.0354638445422561,0.0546728399531792,2000,534.311160898234,1085.34715013596,3.59509529590038e-05,5.03735970065708e-05,0.501960058885626,0.465565245676498,0.682430160034781,0.525114806700594,0.342552683316385,0.244475203989929,2.82833460558478,2.77569481968744
38.9090909090909,0.0190875424502318,0.0355893807726663,0.054676923222898,2000,531.111275467685,1084.12224084625,3.59388763370231e-05,5.04342786844939e-05,0.501176654801892,0.464732555491426,0.683726563851116,0.525422746138594,0.342667792070095,0.244181055526312,2.81764807032125,2.76523425063344
39.4949494949495,0.0189673887930039,0.0357135740168039,0.0546809628098078,2000,527.920134663633,1082.87292620926,3.59285193869127e-05,5.04961953395822e-05,0.500370524177996,0.463885153374469,0.685025505672638,0.525737130295319,0.342766571348714,0.243881649321697,2.80682134150607,2.75463650510838
40.0808080808081,0.018848501570869,0.0358364582480799,0.0546849598189489,2000,524.737595772477,1081.59971564373,3.59198611319658e-05,5.05593326514536e-05,0.499542031895052,0.463023397803769,0.686327017885626,0.526057855344971,0.342849193059057,0.243577095623192,2.79586231161917,2.74390931152473
40.6666666666667,0.0187308492128332,0.0359580660989105,0.0546889153117436,2000,521.563514210694,1080.30308836287,3.59128825205103e-05,5.06236776520015e-05,0.498691519380354,0.462147627626343,0.687631135441122,0.526384824882736,0.342915815706372,0.243267498038065,2.78477851603999,2.7330600486997
41.2525252525253,0.0186144013762054,0.0360784289321131,0.0546928303083186,2000,518.397743897675,1078.98349523559,3.59075663336214e-05,5.06892186486845e-05,0.497819305968309,0.461258163283299,0.688937895669695,0.526717949480049,0.342966585077554,0.242952953945513,2.77357715255459,2.72209576495251
41.8383838383838,0.0184991288821258,0.0361975769075463,0.0546967057896721,2000,515.240137585825,1077.64136050412,3.59038971008821e-05,5.07559451542256e-05,0.496925690157734,0.460355307941839,0.690247338114844,0.527057146275335,0.343001634872258,0.242633554876529,2.76226509957113,2.71102319593743
42.4242424242424,0.0183850036553287,0.0363155390443708,0.0547005426996995,2000,512.090547152597,1076.27708337083,3.59018610235158e-05,5.08238478221437e-05,0.496010950774576,0.459439348542278,0.691559504383181,0.52740233859702,0.343021087286296,0.242309386864689,2.75084893314502,2.69984878131153
43.010101010101,0.018271998667809,0.036432343279278,0.054704341947087,2000,508.948823858603,1074.89103946569,3.59014459042848e-05,5.08929183875972e-05,0.495075348048168,0.458510556767494,0.692874438009722,0.527753455615973,0.343025053551342,0.241980530770448,2.73933494290585,2.68857868032739
43.5959595959596,0.0181600878860887,0.036548016520996,0.0547081044070847,2000,505.814818575463,1073.48358220478,3.59026410836151e-05,5.09631496130777e-05,0.494119124608373,0.457569189941496,0.694192184336834,0.528110432024772,0.343013634434491,0.241647062581229,2.72772914696978,2.67721878643278
44.1818181818182,0.0180492462218088,0.0366625847013588,0.0547118309231676,2000,502.688381986652,1072.05504404902,3.59054373814593e-05,5.10345352385339e-05,0.493142506410242,0.456615491863123,0.695512790405521,0.528473207741526,0.34298692070096,0.241309053689379,2.71603730591404,2.66577474095214
44.7676767676768,0.0179394494853952,0.0367760728231983,0.0547155223085935,2000,499.569364764203,1070.60573767171,3.59098270444637e-05,5.1107069935554e-05,0.492145703592145,0.45564969358032,0.696836304857883,0.528841727636122,0.342944993542834,0.240966571149886,2.70426493588321,2.6542519459181
45.3535353535354,0.0178306743425703,0.0368885050052944,0.0547191793478647,2000,496.45761772386,1069.13595704233,3.59158036980472e-05,5.11807492652668e-05,0.491128911272823,0.454672014109906,0.6981627778497,0.529215941277067,0.342887924976533,0.240619677919514,2.69241732089112,2.64265557611581
45.9393939393939,0.0177228982735018,0.0369999045246002,0.054722802798102,2000,493.352991960918,1067.64597843353,3.5923362303042e-05,5.12555696396592e-05,0.490092310292232,0.453682661107294,0.699492260972221,0.529595802697181,0.342815778211413,0.24026843307891,2.68049952437679,2.63099059039677
46.5252525252525,0.0176160995343953,0.0371102938559403,0.0547263933903356,2000,490.255338968811,1066.1360613575,3.59324991165797e-05,5.13315282860361e-05,0.489036067900667,0.452681831490193,0.700824807182324,0.529981270176646,0.342728607991687,0.239912892039063,2.66851640006793,2.61926174231494
47.1111111111111,0.0175102571213576,0.0372196947093623,0.0547299518307199,2000,487.164510742233,1064.60644943742,3.59432116569399e-05,5.14086232143732e-05,0.487960338400181,0.451669712019981,0.702160470740285,0.530372306041995,0.342626460913659,0.239553106733361,2.656472602201,2.60747359013305
47.6969696969697,0.0174053507363699,0.0373281280653081,0.054733478801678,2000,484.080359866409,1063.05737121909,3.59554986721073e-05,5.14868531873412e-05,0.486865263741987,0.450646479844056,0.703499307154512,0.530768876479793,0.342509375720087,0.239189125796403,2.64437259514296,2.59563050624305
48.2828282828283,0.0173013607552217,0.0374356142077575,0.0547369749629792,2000,481.002739593959,1061.48904092737,3.59693601118088e-05,5.15662176927972e-05,0.485750974083213,0.44961230300222,0.704841373132634,0.531170951363867,0.342377383573327,0.238820994730588,2.63222066245619,2.58373668604155
48.8686868686869,0.0171982681972722,0.0375421727554837,0.0547404409527559,2000,477.931503910623,1059.90165917174,3.5984797102826e-05,5.16467169185609e-05,0.484617588306023,0.448567340899855,0.706186726538401,0.531578504095039,0.342230508308765,0.238448756061434,2.62002091544449,2.57179615629728
49.4545454545455,0.0170960546969132,0.0376478226915499,0.0547438773884631,2000,474.866507591023,1058.29541360482,3.60018119273999e-05,5.17283517293078e-05,0.483465214501932,0.447511744750417,0.707535426353921,0.531991511452424,0.342068766669915,0.238072449482486,2.60777730121555,2.55981278304517
50.040404040404,0.016994702476619,0.0377525823911653,0.0547472848677844,2000,471.807606245463,1056.67047953733,3.60204080045656e-05,5.181112364543e-05,0.48229395042384,0.44644565798954,0.708887532646801,0.532409953455433,0.341892168526435,0.237692111990591,2.59549361029202,2.54779027903857
50.6262626262626,0.0168941943214782,0.0378564696480098,0.054750663969488,2000,468.754656358704,1055.02702051287,3.60405898742696e-05,5.18950348237268e-05,0.48110388390811,0.445369216662872,0.710243106541798,0.532833813235685,0.341700717076221,0.237307778012268,2.58317348380115,2.53573221078887
51.2121212121212,0.0167945135551085,0.0379595016991283,0.0547540152542368,2000,465.707515321531,1053.36518884525,3.60623631841401e-05,5.19800880398004e-05,0.479895093268844,0.444282549789569,0.711602210196629,0.533263076918135,0.341494409032627,0.23691947952182,2.57082042027061,2.5236420052197
51.7979797979798,0.0166956440168663,0.0380616952484883,0.0547573392653545,2000,462.66604145586,1051.68512612127,3.60857346787987e-05,5.20662866720439e-05,0.478667647666286,0.443185779703197,0.712964906781628,0.533697733510735,0.341273234797775,0.236527246151784,2.55843778205599,2.51152295596043
52.3838383838384,0.0165975700402655,0.0381630664892857,0.0547606365295511,2000,459.630094034043,1049.98696367132,3.61107121916089e-05,5.21536346871191e-05,0.477421607451165,0.442079022371683,0.714331260462965,0.534137774802061,0.341037178622846,0.236131105296281,2.5460288014235,2.49937822930222
52.969696969697,0.0165002764325309,0.0382636311250794,0.0547639075576103,2000,456.59953329296,1048.27082301007,3.61373046387766e-05,5.2242136626829e-05,0.476157024486603,0.440962387697787,0.715701336389174,0.534583195266338,0.340786218756154,0.235731082207757,2.53359658630984,2.48721086983806
53.5555555555556,0.0164037484552129,0.0383634043898285,0.0547671528450414,2000,453.574220443454,1046.53681624939,3.61655220157247e-05,5.23317975963023e-05,0.474873942449125,0.439835979801474,0.717075200680756,0.535033991975373,0.340520327579768,0.235327200087582,2.52114412577951,2.47502380580656
54.1414141414141,0.0163079718057981,0.0384624010668993,0.0547703728726974,2000,450.554017675566,1044.78504648534,3.6195375395678e-05,5.24226232534099e-05,0.473572397110142,0.438699897285431,0.718452920422662,0.535490164516932,0.340239471735342,0.234919480170936,2.50867429519825,2.46281985415789
54.7272727272727,0.0162129326002546,0.0385606355071072,0.0547735681073618,2000,447.538788160017,1043.01560816109,3.62268769304029e-05,5.25146197993448e-05,0.472252416599189,0.437554233484888,0.719834563659457,0.535951714919151,0.339943612239802,0.234507941806361,2.49618986114015,2.450601725359
55.3131313131313,0.0161186173564552,0.0386581216458509,0.0547767390023061,2000,444.528396046324,1041.22858740722,3.6260039853057e-05,5.26077939703007e-05,0.470914021650115,0.436399076702823,0.721220199393012,0.536418647580587,0.339632704591461,0.234092602530345,2.48369348604466,2.43837202795402
55.8989898989899,0.0160250129784246,0.0387548730193947,0.0547798859978193,2000,441.522706457891,1039.42406236113,3.62948784831137e-05,5.27021530301912e-05,0.469557225831285,0.43523451043151,0.722609897582571,0.536890969205555,0.339306698867101,0.233673478137278,2.47118773263856,2.42613327289455
56.4848484848485,0.0159321067413627,0.0388509027803487,0.0547830095217114,2000,438.521585484398,1037.60210346673,3.63314082333344e-05,5.27977047643562e-05,0.468182035760827,0.434060613561343,0.724003729147061,0.537368688744433,0.338965539810501,0.233250582745063,2.45867506813687,2.4138878776536
57.0707070707071,0.015839886277397,0.0389462237123954,0.0547861099897924,2000,435.52490017177,1035.76277375575,3.6369645618769e-05,5.28944574742089e-05,0.466788451307819,0.432877460577759,0.725401765969533,0.537851817338632,0.338609166912876,0.23282392885668,2.44615786823591,2.40163817013601
57.6565656565657,0.0157483395620225,0.0390408482443057,0.0547891878063282,2000,432.532518509973,1033.90612911191,3.64096082677756e-05,5.29924199727784e-05,0.465376465780308,0.431685121747029,0.726804080903618,0.538340368269962,0.338237514485631,0.232393527417959,2.43363842091056,2.38938639239727
58.2424242424242,0.0156574549011886,0.0391347884632864,0.054792243364475,2000,429.544309418875,1032.03221851891,3.64513149350562e-05,5.30916015811101e-05,0.463946066100911,0.430483663291662,0.728210747781919,0.538834356914131,0.337850511725824,0.231959387871802,2.42111893002718,2.37713470418182
58.8282828282828,0.0155672209189964,0.0392280561276959,0.0547952770466923,2000,426.56014273237,1030.14108429331,3.64947855167133e-05,5.31920121254873e-05,0.462497232970765,0.429273147556048,0.729621841426252,0.539333800698162,0.337448082774675,0.231521518209066,2.40860151878269,2.36488518629126
59.4141414141414,0.0154776265459712,0.0393206626791667,0.0547982892251379,2000,423.579889180955,1028.23276230329,3.65400410673396e-05,5.32936619354427e-05,0.461029941022491,0.428053633162998,0.731037437659667,0.539838719061497,0.337030146769469,0.231079925016333,2.39608823297993,2.35263984379224
60,0.0153886610078787,0.0394126192541647,0.0548012802620434,2000,420.603420372924,1026.30728217398,3.65871038191618e-05,5.33965618425314e-05,0.45954415896279,0.426825175161704,0.732457613320187,0.540349133420613,0.336596617889118,0.230634613520728,2.3835810441482,2.34040060907287
