M_flight,norm_dI_deta_b,norm_dI_dr_n,norm_dTSFC_deta_b,norm_dTSFC_dr_n
1,0,0,0,0
1.00500500500501,0,0,0,0
1.01001001001001,0,0,0,0
1.01501501501502,0,0,0,0
1.02002002002002,0,0,0,0
1.02502502502503,0,0,0,0
1.03003003003003,0,0,0,0
1.03503503503504,0,0,0,0
1.04004004004004,0,0,0,0
1.04504504504505,0,0,0,0
1.05005005005005,0,0,0,0
1.05505505505506,0,0,0,0
1.06006006006006,0,0,0,0
1.06506506506507,0,0,0,0
1.07007007007007,0,0,0,0
1.07507507507508,0,0,0,0
1.08008008008008,0,0,0,0
1.08508508508509,0,0,0,0
1.09009009009009,0,0,0,0
1.0950950950951,0,0,0,0
1.1001001001001,0,0,0,0
1.10510510510511,0,0,0,0
1.11011011011011,0,0,0,0
1.11511511511512,0,0,0,0
1.12012012012012,0,0,0,0
1.12512512512513,0,0,0,0
1.13013013013013,0,0,0,0
1.13513513513514,0,0,0,0
1.14014014014014,0,0,0,0
1.14514514514515,0,0,0,0
1.15015015015015,0,0,0,0
1.15515515515516,0,0,0,0
1.16016016016016,0,0,0,0
1.16516516516517,0,0,0,0
1.17017017017017,0,0,0,0
1.17517517517518,0,0,0,0
1.18018018018018,0,0,0,0
1.18518518518519,0,0,0,0
1.19019019019019,0,0,0,0
1.1951951951952,0,0,0,0
1.2002002002002,0,0,0,0
1.20520520520521,0,0,0,0
1.21021021021021,0,0,0,0
1.21521521521522,0,0,0,0
1.22022022022022,0,0,0,0
1.22522522522523,0,0,0,0
1.23023023023023,0,0,0,0
1.23523523523524,0,0,0,0
1.24024024024024,0,0,0,0
1.24524524524525,0,0,0,0
1.25025025025025,0,0,0,0
1.25525525525526,0,0,0,0
1.26026026026026,0,0,0,0
1.26526526526527,0,0,0,0
1.27027027027027,0,0,0,0
1.27527527527528,0,0,0,0
1.28028028028028,0,0,0,0
1.28528528528529,0,0,0,0
1.29029029029029,0,0,0,0
1.2952952952953,0,0,0,0
1.3003003003003,0,0,0,0
1.30530530530531,0,0,0,0
1.31031031031031,0,0,0,0
1.31531531531532,0,0,0,0
1.32032032032032,0,0,0,0
1.32532532532533,0,0,0,0
1.33033033033033,0,0,0,0
1.33533533533534,0,0,0,0
1.34034034034034,0,0,0,0
1.34534534534535,0,0,0,0
1.35035035035035,0,0,0,0
1.35535535535536,0,0,0,0
1.36036036036036,0,0,0,0
1.36536536536537,0,0,0,0
1.37037037037037,0,0,0,0
1.37537537537538,0,0,0,0
1.38038038038038,0,0,0,0
1.38538538538539,0,0,0,0
1.39039039039039,0,0,0,0
1.3953953953954,0,0,0,0
1.4004004004004,0,0,0,0
1.40540540540541,0,0,0,0
1.41041041041041,0,0,0,0
1.41541541541542,0,0,0,0
1.42042042042042,0,0,0,0
1.42542542542543,0,0,0,0
1.43043043043043,0,0,0,0
1.43543543543544,0,0,0,0
1.44044044044044,0,0,0,0
1.44544544544545,0,0,0,0
1.45045045045045,0,0,0,0
1.45545545545546,0,0,0,0
1.46046046046046,0,0,0,0
1.46546546546547,0,0,0,0
1.47047047047047,0,0,0,0
1.47547547547548,0,0,0,0
1.48048048048048,0,0,0,0
1.48548548548549,0,0,0,0
1.49049049049049,0,0,0,0
1.4954954954955,0,0,0,0
1.5005005005005,0,0,0,0
1.50550550550551,0,0,0,0
1.51051051051051,0,0,0,0
1.51551551551552,0,0,0,0
1.52052052052052,0,0,0,0
1.52552552552553,0,0,0,0
1.53053053053053,0,0,0,0
1.53553553553554,0,0,0,0
1.54054054054054,0,0,0,0
1.54554554554555,0,0,0,0
1.55055055055055,0,0,0,0
1.55555555555556,0,0,0,0
1.56056056056056,0,0,0,0
1.56556556556557,0,0,0,0
1.57057057057057,0,0,0,0
1.57557557557558,0,0,0,0
1.58058058058058,0,0,0,0
1.58558558558559,0,0,0,0
1.59059059059059,0,0,0,0
1.5955955955956,0,0,0,0
1.6006006006006,0,0,0,0
1.60560560560561,0,0,0,0
1.61061061061061,0,0,0,0
1.61561561561562,0,0,0,0
1.62062062062062,0,0,0,0
1.62562562562563,0,0,0,0
1.63063063063063,0,0,0,0
1.63563563563564,0,0,0,0
1.64064064064064,0,0,0,0
1.64564564564565,0,0,0,0
1.65065065065065,0,0,0,0
1.65565565565566,0,0,0,0
1.66066066066066,0,0,0,0
1.66566566566567,0,0,0,0
1.67067067067067,0,0,0,0
1.67567567567568,0,0,0,0
1.68068068068068,0,0,0,0
1.68568568568569,0,0,0,0
1.69069069069069,0,0,0,0
1.6956956956957,0,0,0,0
1.7007007007007,0,0,0,0
1.70570570570571,0,0,0,0
1.71071071071071,0,0,0,0
1.71571571571572,0,0,0,0
1.72072072072072,0,0,0,0
1.72572572572573,0,0,0,0
1.73073073073073,0,0,0,0
1.73573573573574,0,0,0,0
1.74074074074074,0,0,0,0
1.74574574574575,0,0,0,0
1.75075075075075,0,0,0,0
1.75575575575576,0,0,0,0
1.76076076076076,0,0,0,0
1.76576576576577,0,0,0,0
1.77077077077077,0,0,0,0
1.77577577577578,0,0,0,0
1.78078078078078,0,0,0,0
1.78578578578579,0,0,0,0
1.79079079079079,0,0,0,0
1.7957957957958,0,0,0,0
1.8008008008008,0,0,0,0
1.80580580580581,0,0,0,0
1.81081081081081,0,0,0,0
1.81581581581582,0,0,0,0
1.82082082082082,0,0,0,0
1.82582582582583,0,0,0,0
1.83083083083083,0,0,0,0
1.83583583583584,0,0,0,0
1.84084084084084,0,0,0,0
1.84584584584585,0,0,0,0
1.85085085085085,0,0,0,0
1.85585585585586,0,0,0,0
1.86086086086086,0,0,0,0
1.86586586586587,0,0,0,0
1.87087087087087,0,0,0,0
1.87587587587588,0,0,0,0
1.88088088088088,0,0,0,0
1.88588588588589,0,0,0,0
1.89089089089089,0,0,0,0
1.8958958958959,0,0,0,0
1.9009009009009,0,0,0,0
1.90590590590591,0,0,0,0
1.91091091091091,0,0,0,0
1.91591591591592,0,0,0,0
1.92092092092092,0,0,0,0
1.92592592592593,0,0,0,0
1.93093093093093,0,0,0,0
1.93593593593594,0,0,0,0
1.94094094094094,0,0,0,0
1.94594594594595,0,0,0,0
1.95095095095095,0,0,0,0
1.95595595595596,0,0,0,0
1.96096096096096,0,0,0,0
1.96596596596597,0,0,0,0
1.97097097097097,0,0,0,0
1.97597597597598,0,0,0,0
1.98098098098098,0,0,0,0
1.98598598598599,0,0,0,0
1.99099099099099,0,0,0,0
1.995995995996,0,0,0,0
2.001001001001,0,0,0,0
2.00600600600601,0,0,0,0
2.01101101101101,0,0,0,0
2.01601601601602,0,0,0,0
2.02102102102102,0,0,0,0
2.02602602602603,0,0,0,0
2.03103103103103,0,0,0,0
2.03603603603604,0,0,0,0
2.04104104104104,0,0,0,0
2.04604604604605,0,0,0,0
2.05105105105105,0,0,0,0
2.05605605605606,0,0,0,0
2.06106106106106,0,0,0,0
2.06606606606607,0,0,0,0
2.07107107107107,0,0,0,0
2.07607607607608,0,0,0,0
2.08108108108108,0,0,0,0
2.08608608608609,0,0,0,0
2.09109109109109,0,0,0,0
2.0960960960961,0,0,0,0
2.1011011011011,0,0,0,0
2.10610610610611,0,0,0,0
2.11111111111111,0,0,0,0
2.11611611611612,0,0,0,0
2.12112112112112,0,0,0,0
2.12612612612613,0,0,0,0
2.13113113113113,0,0,0,0
2.13613613613614,0,0,0,0
2.14114114114114,0,0,0,0
2.14614614614615,0,0,0,0
2.15115115115115,0,0,0,0
2.15615615615616,0,0,0,0
2.16116116116116,0,0,0,0
2.16616616616617,0,0,0,0
2.17117117117117,0,0,0,0
2.17617617617618,0,0,0,0
2.18118118118118,0,0,0,0
2.18618618618619,0,0,0,0
2.19119119119119,0,0,0,0
2.1961961961962,0,0,0,0
2.2012012012012,0,0,0,0
2.20620620620621,0,0,0,0
2.21121121121121,0,0,0,0
2.21621621621622,0,0,0,0
2.22122122122122,0,0,0,0
2.22622622622623,0,0,0,0
2.23123123123123,0,0,0,0
2.23623623623624,0,0,0,0
2.24124124124124,0,0,0,0
2.24624624624625,0,0,0,0
2.25125125125125,0,0,0,0
2.25625625625626,0,0,0,0
2.26126126126126,0,0,0,0
2.26626626626627,0,0,0,0
2.27127127127127,0,0,0,0
2.27627627627628,0,0,0,0
2.28128128128128,0,0,0,0
2.28628628628629,0,0,0,0
2.29129129129129,0,0,0,0
2.2962962962963,0,0,0,0
2.3013013013013,0,0,0,0
2.30630630630631,0,0,0,0
2.31131131131131,0,0,0,0
2.31631631631632,0,0,0,0
2.32132132132132,0,0,0,0
2.32632632632633,0,0,0,0
2.33133133133133,0,0,0,0
2.33633633633634,0,0,0,0
2.34134134134134,0,0,0,0
2.34634634634635,0,0,0,0
2.35135135135135,0,0,0,0
2.35635635635636,0,0,0,0
2.36136136136136,0,0,0,0
2.36636636636637,0,0,0,0
2.37137137137137,0,0,0,0
2.37637637637638,0,0,0,0
2.38138138138138,0,0,0,0
2.38638638638639,0,0,0,0
2.39139139139139,0,0,0,0
2.3963963963964,0,0,0,0
2.4014014014014,0,0,0,0
2.40640640640641,0,0,0,0
2.41141141141141,0,0,0,0
2.41641641641642,0,0,0,0
2.42142142142142,0,0,-0.0330032181071725,0
2.42642642642643,0,0,-0.0847604297181193,0
2.43143143143143,0,0,-0.13662451147484,0
2.43643643643644,0,0,-0.188595463377361,0
2.44144144144144,0,0,-0.240673285425697,0
2.44644644644645,0,0,-0.292857977619806,0
2.45145145145145,0,0,-0.345149539959743,0
2.45645645645646,0,0,-0.397547972445468,0
2.46146146146146,0,0,-0.450053275076993,0
2.46646646646647,0,0,-0.502665447854319,0
2.47147147147147,0,0,-0.555384490777473,0
2.47647647647648,0,0,-0.608210403846373,0
2.48148148148148,0,0,-0.661143187061143,0
2.48648648648649,0,0,-0.714182840421672,0
2.49149149149149,0,0,-0.767329363927961,0
2.4964964964965,0,0,-0.820582757580105,0
2.5015015015015,0,0,-0.873943021378023,0
2.50650650650651,0,0,-0.927410155321756,0
2.51151151151151,0,0,-0.980984159411289,0
2.51651651651652,0,0,-1.03466503364661,0
2.52152152152152,0,0,-1.08845277802773,0
2.52652652652653,0,0,-1.11029144634052,0
2.53153153153153,0,0,-1.11029144634052,0
2.53653653653654,0,0,-1.11029144634052,0
2.54154154154154,0,0,-1.11029144634052,0
2.54654654654655,0,0,-1.11029144634053,0
2.55155155155155,0,0,-1.11029144634051,0
2.55655655655656,0,0,-1.11029144634053,0
2.56156156156156,0,0,-1.11029144634052,0
2.56656656656657,0,0,-1.11029144634051,0
2.57157157157157,0,0,-1.11029144634051,0
2.57657657657658,0,0,-1.11029144634054,0
2.58158158158158,0,0,-1.11029144634052,0
2.58658658658659,0,0,-1.11029144634052,0
2.59159159159159,0,0,-1.11029144634051,0
2.5965965965966,0,0,-1.11029144634052,0
2.6016016016016,0,0,-1.11029144634053,0
2.60660660660661,0,0,-1.11029144634052,0
2.61161161161161,0,0,-1.11029144634051,0
2.61661661661662,0,0,-1.11029144634051,0
2.62162162162162,0,0,-1.11029144634052,0
2.62662662662663,0,0,-1.11029144634053,0
2.63163163163163,0,0,-1.11029144634054,0
2.63663663663664,0,0,-1.11029144634052,0
2.64164164164164,0,0,-1.11029144634054,0
2.64664664664665,0,0,-1.11029144634053,0
2.65165165165165,0,0,-1.11029144634053,0
2.65665665665666,0,0,-1.11029144634053,0
2.66166166166166,0,0,-1.11029144634052,0
2.66666666666667,0,0,-1.11029144634052,0
2.67167167167167,0,0,-1.11029144634052,0
2.67667667667668,0,0,-1.11029144634051,0
2.68168168168168,0,0,-1.11029144634051,0
2.68668668668669,0,0,-1.11029144634053,0
2.69169169169169,0,0,-1.11029144634051,0
2.6966966966967,0,0,-1.11029144634051,0
2.7017017017017,0,0,-1.11029144634051,0
2.70670670670671,0,0,-1.11029144634052,0
2.71171171171171,0,0,-1.11029144634052,0
2.71671671671672,0,0,-1.11029144634052,0
2.72172172172172,0,0,-1.11029144634054,0
2.72672672672673,0,0,-1.11029144634051,0
2.73173173173173,0,0,-1.11029144634053,0
2.73673673673674,0,0,-1.11029144634052,0
2.74174174174174,0,0,-1.11029144634052,0
2.74674674674675,0,0,-1.11029144634052,0
2.75175175175175,0,0,-1.11029144634051,0
2.75675675675676,0,0,-1.1102914463405,0
2.76176176176176,0,0,-1.11029144634051,0
2.76676676676677,0,0,-1.11029144634052,0
2.77177177177177,0,0,-1.11029144634051,0
2.77677677677678,0,0,-1.11029144634052,0
2.78178178178178,0,0,-1.11029144634051,0
2.78678678678679,0,0,-1.11029144634053,0
2.79179179179179,0,0,-1.11029144634051,0
2.7967967967968,0,0,-1.11029144634049,0
2.8018018018018,0,0,-1.11029144634053,0
2.80680680680681,0,0,-1.11029144634053,0
2.81181181181181,0,0,-1.11029144634051,0
2.81681681681682,0,0,-1.11029144634053,0
2.82182182182182,0,0,-1.1102914463405,0
2.82682682682683,0,0,-1.11029144634052,0
2.83183183183183,0,0,-1.11029144634054,0
2.83683683683684,0,0,-1.11029144634054,0
2.84184184184184,0,0,-1.11029144634053,0
2.84684684684685,0,0,-1.11029144634052,0
2.85185185185185,0,0,-1.11029144634051,0
2.85685685685686,0,0,-1.11029144634055,0
2.86186186186186,0,0,-1.1102914463405,0
2.86686686686687,0,0,-1.11029144634051,0
2.87187187187187,0,0,-1.1102914463405,0
2.87687687687688,0,0,-1.11029144634052,0
2.88188188188188,0,0,-1.1102914463405,0
2.88688688688689,0,0,-1.11029144634053,0
2.89189189189189,0,0,-1.1102914463405,0
2.8968968968969,0,0,-1.11029144634051,0
2.9019019019019,0,0,-1.11029144634053,0
2.90690690690691,0,0,-1.11029144634049,0
2.91191191191191,0,0,-1.11029144634051,0
2.91691691691692,0,0,-1.11029144634054,0
2.92192192192192,0,0,-1.11029144634052,0
2.92692692692693,0,0,-1.1102914463405,0
2.93193193193193,0,0,-1.11029144634049,0
2.93693693693694,0,0,-1.11029144634051,0
2.94194194194194,0,0,-1.11029144634052,0
2.94694694694695,0,0,-1.11029144634052,0
2.95195195195195,0,0,-1.11029144634053,0
2.95695695695696,0,0,-1.11029144634056,0
2.96196196196196,0,0,-1.11029144634051,0
2.96696696696697,0,0,-1.1102914463405,0
2.97197197197197,0,0,-1.11029144634053,0
2.97697697697698,0,0,-1.11029144634052,0
2.98198198198198,0,0,-1.11029144634052,0
2.98698698698699,0,0,-1.11029144634053,0
2.99199199199199,0,0,-1.1102914463405,0
2.996996996997,0,0,-1.1102914463405,0
3.002002002002,0,0,-1.11029144634051,0
3.00700700700701,0,0,-1.11029144634052,0
3.01201201201201,0,0,-1.11029144634053,0
3.01701701701702,0,0,-1.11029144634052,0
3.02202202202202,0,0,-1.1102914463405,0
3.02702702702703,0,0,-1.11029144634055,0
3.03203203203203,0,0,-1.11029144634052,0
3.03703703703704,0,0,-1.11029144634053,0
3.04204204204204,0,0,-1.11029144634052,0
3.04704704704705,0,0,-1.11029144634053,0
3.05205205205205,0,0,-1.11029144634049,0
3.05705705705706,0,0,-1.11029144634049,0
3.06206206206206,0,0,-1.11029144634051,0
3.06706706706707,0,0,-1.11029144634052,0
3.07207207207207,0,0,-1.11029144634052,0
3.07707707707708,0,0,-1.11029144634051,0
3.08208208208208,0,0,-1.11029144634054,0
3.08708708708709,0,0,-1.11029144634051,0
3.09209209209209,0,0,-1.11029144634053,0
3.0970970970971,0,0,-1.11029144634051,0
3.1021021021021,0,0,-1.11029144634051,0
3.10710710710711,0,0,-1.11029144634052,0
3.11211211211211,0,0,-1.11029144634051,0
3.11711711711712,0,0,-1.11029144634051,0
3.12212212212212,0,0,-1.11029144634054,0
3.12712712712713,0,0,-1.11029144634052,0
3.13213213213213,0,0,-1.11029144634052,0
3.13713713713714,0,0,-1.11029144634052,0
3.14214214214214,0,0,-1.11029144634052,0
3.14714714714715,0,0,-1.11029144634053,0
3.15215215215215,0,0,-1.11029144634052,0
3.15715715715716,0,0,-1.11029144634053,0
3.16216216216216,0,0,-1.1102914463405,0
3.16716716716717,0,0,-1.11029144634051,0
3.17217217217217,0,0,-1.11029144634052,0
3.17717717717718,0,0,-1.11029144634051,0
3.18218218218218,0,0,-1.11029144634052,0
3.18718718718719,0,0,-1.1102914463405,0
3.19219219219219,0,0,-1.11029144634052,0
3.1971971971972,0,0,-1.11029144634052,0
3.2022022022022,0,0,-1.11029144634052,0
3.20720720720721,0,0,-1.11029144634052,0
3.21221221221221,0,0,-1.11029144634052,0
3.21721721721722,0,0,-1.11029144634051,0
3.22222222222222,0,0,-1.11029144634052,0
3.22722722722723,0,0,-1.1102914463405,0
3.23223223223223,0,0,-1.11029144634051,0
3.23723723723724,0,0,-1.11029144634051,0
3.24224224224224,0,0,-1.11029144634051,0
3.24724724724725,0,0,-1.11029144634054,0
3.25225225225225,0,0,-1.11029144634051,0
3.25725725725726,0,0,-1.11029144634052,0
3.26226226226226,0,0,-1.11029144634053,0
3.26726726726727,0,0,-1.11029144634051,0
3.27227227227227,0,0,-1.11029144634053,0
3.27727727727728,0,0,-1.11029144634051,0
3.28228228228228,0,0,-1.11029144634052,0
3.28728728728729,0,0,-1.11029144634052,0
3.29229229229229,0,0,-1.11029144634053,0
3.2972972972973,0,0,-1.11029144634053,0
3.3023023023023,0,0,-1.11029144634053,0
3.30730730730731,0,0,-1.11029144634052,0
3.31231231231231,0,0,-1.11029144634052,0
3.31731731731732,0,0,-1.11029144634051,0
3.32232232232232,0,0,-1.11029144634053,0
3.32732732732733,0,0,-1.11029144634051,0
3.33233233233233,0,0,-1.11029144634051,0
3.33733733733734,0,0,-1.11029144634052,0
3.34234234234234,0,0,-1.11029144634052,0
3.34734734734735,0,0,-1.11029144634053,0
3.35235235235235,0,0,-1.1102914463405,0
3.35735735735736,0,0,-1.1102914463405,0
3.36236236236236,0,0,-1.1102914463405,0
3.36736736736737,0,0,-1.11029144634052,0
3.37237237237237,0,0,-1.1102914463405,0
3.37737737737738,0,0,-1.11029144634053,0
3.38238238238238,0,0,-1.11029144634053,0
3.38738738738739,0,0,-1.11029144634053,0
3.39239239239239,0,0,-1.11029144634052,0
3.3973973973974,0,0,-1.1102914463405,0
3.4024024024024,0,0,-1.11029144634049,0
3.40740740740741,0,0,-1.11029144634053,0
3.41241241241241,0,0,-1.11029144634052,0
3.41741741741742,0,0,-1.11029144634051,0
3.42242242242242,0,0,-1.11029144634053,0
3.42742742742743,0,0,-1.11029144634052,0
3.43243243243243,0,0,-1.11029144634052,0
3.43743743743744,0,0,-1.11029144634051,0
3.44244244244244,0,0,-1.11029144634052,0
3.44744744744745,0,0,-1.1102914463405,0
3.45245245245245,0,0,-1.11029144634051,0
3.45745745745746,0,0,-1.11029144634051,0
3.46246246246246,0,0,-1.11029144634053,0
3.46746746746747,0,0,-1.11029144634052,0
3.47247247247247,0,0,-1.11029144634051,0
3.47747747747748,0,0,-1.11029144634051,0
3.48248248248248,0,0,-1.1102914463405,0
3.48748748748749,0,0,-1.11029144634053,0
3.49249249249249,0,0,-1.11029144634053,0
3.4974974974975,0,0,-1.11029144634053,0
3.5025025025025,0,0,-1.1102914463405,0
3.50750750750751,0,0,-1.11029144634055,0
3.51251251251251,0,0,-1.11029144634051,0
3.51751751751752,0,0,-1.11029144634052,0
3.52252252252252,0,0,-1.11029144634053,0
3.52752752752753,0,0,-1.11029144634051,0
3.53253253253253,0,0,-1.11029144634053,0
3.53753753753754,0,0,-1.11029144634053,0
3.54254254254254,0,0,-1.1102914463405,0
3.54754754754755,0,0,-1.11029144634052,0
3.55255255255255,0,0,-1.11029144634052,0
3.55755755755756,0,0,-1.11029144634052,0
3.56256256256256,0,0,-1.11029144634051,0
3.56756756756757,0,0,-1.11029144634051,0
3.57257257257257,0,0,-1.11029144634052,0
3.57757757757758,0,0,-1.11029144634052,0
3.58258258258258,0,0,-1.11029144634052,0
3.58758758758759,0,0,-1.11029144634054,0
3.59259259259259,0,0,-1.11029144634054,0
3.5975975975976,0,0,-1.11029144634053,0
3.6026026026026,0,0,-1.11029144634052,0
3.60760760760761,0,0,-1.11029144634051,0
3.61261261261261,0,0,-1.11029144634051,0
3.61761761761762,0,0,-1.11029144634051,0
3.62262262262262,0,0,-1.11029144634052,0
3.62762762762763,0,0,-1.11029144634054,0
3.63263263263263,0,0,-1.11029144634051,0
3.63763763763764,0,0,-1.11029144634052,0
3.64264264264264,0,0,-1.11029144634053,0
3.64764764764765,0,0,-1.11029144634052,0
3.65265265265265,0,0,-1.11029144634052,0
3.65765765765766,0,0,-1.11029144634051,0
3.66266266266266,0,0,-1.11029144634053,0
3.66766766766767,0,0,-1.11029144634051,0
3.67267267267267,0,0,-1.11029144634052,0
3.67767767767768,0,0,-1.11029144634052,0
3.68268268268268,0,0,-1.11029144634051,0
3.68768768768769,0,0,-1.11029144634051,0
3.69269269269269,0,0,-1.11029144634052,0
3.6976976976977,0,0,-1.11029144634051,0
3.7027027027027,0,0,-1.11029144634052,0
3.70770770770771,0,0,-1.1102914463405,0
3.71271271271271,0,0,-1.11029144634053,0
3.71771771771772,0,0,-1.11029144634053,0
3.72272272272272,0,0,-1.11029144634053,0
3.72772772772773,0,0,-1.11029144634053,0
3.73273273273273,0,0,-1.11029144634052,0
3.73773773773774,0,0,-1.11029144634052,0
3.74274274274274,0,0,-1.11029144634051,0
3.74774774774775,0,0,-1.1102914463405,0
3.75275275275275,0,0,-1.11029144634051,0
3.75775775775776,0,0,-1.11029144634051,0
3.76276276276276,0,0,-1.1102914463405,0
3.76776776776777,0,0,-1.11029144634052,0
3.77277277277277,0,0,-1.11029144634052,0
3.77777777777778,0,0,-1.11029144634052,0
3.78278278278278,0,0,-1.11029144634052,0
3.78778778778779,0,0,-1.11029144634051,0
3.79279279279279,0,0,-1.11029144634053,0
3.7977977977978,0,0,-1.11029144634053,0
3.8028028028028,0,0,-1.11029144634051,0
3.80780780780781,0,0,-1.11029144634051,0
3.81281281281281,0,0,-1.11029144634054,0
3.81781781781782,0,0,-1.1102914463405,0
3.82282282282282,0,0,-1.11029144634052,0
3.82782782782783,0,0,-1.11029144634053,0
3.83283283283283,0,0,-1.11029144634051,0
3.83783783783784,0,0,-1.11029144634053,0
3.84284284284284,0,0,-1.11029144634053,0
3.84784784784785,0,0,-1.1102914463405,0
3.85285285285285,0,0,-1.11029144634052,0
3.85785785785786,0,0,-1.11029144634053,0
3.86286286286286,0,0,-1.11029144634052,0
3.86786786786787,0,0,-1.11029144634053,0
3.87287287287287,0,0,-1.11029144634051,0
3.87787787787788,0,0,-1.11029144634052,0
3.88288288288288,0,0,-1.11029144634052,0
3.88788788788789,0,0,-1.11029144634051,0
3.89289289289289,0,0,-1.11029144634051,0
3.8978978978979,0,0,-1.11029144634053,0
3.9029029029029,0,0,-1.11029144634052,0
3.90790790790791,0,0,-1.11029144634052,0
3.91291291291291,0,0,-1.11029144634053,0
3.91791791791792,0,0,-1.1102914463405,0
3.92292292292292,0,0,-1.11029144634051,0
3.92792792792793,0,0,-1.11029144634054,0
3.93293293293293,0,0,-1.11029144634052,0
3.93793793793794,0,0,-1.11029144634051,0
3.94294294294294,0,0,-1.11029144634051,0
3.94794794794795,0,0,-1.11029144634053,0
3.95295295295295,0,0,-1.11029144634051,0
3.95795795795796,0,0,-1.1102914463405,0
3.96296296296296,0,0,-1.11029144634052,0
3.96796796796797,0,0,-1.11029144634052,0
3.97297297297297,0,0,-1.1102914463405,0
3.97797797797798,0,0,-1.1102914463405,0
3.98298298298298,0,0,-1.11029144634052,0
3.98798798798799,0,0,-1.11029144634051,0
3.99299299299299,0,0,-1.11029144634053,0
3.997997997998,0,0,-1.11029144634052,0
4.003003003003,0,0,-1.11029144634052,0
4.00800800800801,0,0,-1.11029144634052,0
4.01301301301301,0,0,-1.11029144634053,0
4.01801801801802,0,0,-1.11029144634051,0
4.02302302302302,0,0,-1.11029144634052,0
4.02802802802803,0,0,-1.1102914463405,0
4.03303303303303,0,0,-1.11029144634052,0
4.03803803803804,0,0,-1.11029144634052,0
4.04304304304304,0,0,-1.11029144634052,0
4.04804804804805,0,0,-1.11029144634053,0
4.05305305305305,0,0,-1.11029144634051,0
4.05805805805806,0,0,-1.11029144634053,0
4.06306306306306,0,0,-1.1102914463405,0
4.06806806806807,0,0,-1.11029144634054,0
4.07307307307307,0,0,-1.1102914463405,0
4.07807807807808,0,0,-1.1102914463405,0
4.08308308308308,0,0,-1.11029144634053,0
4.08808808808809,0,0,-1.11029144634052,0
4.09309309309309,0,0,-1.11029144634055,0
4.0980980980981,0,0,-1.11029144634052,0
4.1031031031031,0,0,-1.11029144634052,0
4.10810810810811,0,0,-1.11029144634051,0
4.11311311311311,0,0,-1.11029144634053,0
4.11811811811812,0,0,-1.11029144634051,0
4.12312312312312,0,0,-1.11029144634052,0
4.12812812812813,0,0,-1.11029144634051,0
4.13313313313313,0,0,-1.11029144634051,0
4.13813813813814,0,0,-1.11029144634051,0
4.14314314314314,0,0,-1.11029144634052,0
4.14814814814815,0,0,-1.11029144634053,0
4.15315315315315,0,0,-1.11029144634051,0
4.15815815815816,0,0,-1.11029144634051,0
4.16316316316316,0,0,-1.11029144634051,0
4.16816816816817,0,0,-1.11029144634053,0
4.17317317317317,0,0,-1.11029144634051,0
4.17817817817818,0,0,-1.11029144634053,0
4.18318318318318,0,0,-1.11029144634052,0
4.18818818818819,0,0,-1.11029144634053,0
4.19319319319319,0,0,-1.11029144634051,0
4.1981981981982,0,0,-1.11029144634049,0
4.2032032032032,0,0,-1.11029144634051,0
4.20820820820821,0,0,-1.11029144634051,0
4.21321321321321,0,0,-1.11029144634051,0
4.21821821821822,0,0,-1.11029144634054,0
4.22322322322322,0,0,-1.11029144634052,0
4.22822822822823,0,0,-1.11029144634052,0
4.23323323323323,0,0,-1.11029144634052,0
4.23823823823824,0,0,-1.11029144634054,0
4.24324324324324,0,0,-1.11029144634053,0
4.24824824824825,0,0,-1.11029144634051,0
4.25325325325325,0,0,-1.11029144634053,0
4.25825825825826,0,0,-1.11029144634051,0
4.26326326326326,0,0,-1.11029144634053,0
4.26826826826827,0,0,-1.11029144634053,0
4.27327327327327,0,0,-1.11029144634052,0
4.27827827827828,0,0,-1.11029144634053,0
4.28328328328328,0,0,-1.11029144634051,0
4.28828828828829,0,0,-1.11029144634053,0
4.29329329329329,0,0,-1.11029144634051,0
4.2982982982983,0,0,-1.11029144634051,0
4.3033033033033,0,0,-1.11029144634052,0
4.30830830830831,0,0,-1.11029144634049,0
4.31331331331331,0,0,-1.11029144634052,0
4.31831831831832,0,0,-1.11029144634051,0
4.32332332332332,0,0,-1.11029144634052,0
4.32832832832833,0,0,-1.11029144634051,0
4.33333333333333,0,0,-1.11029144634053,0
4.33833833833834,0,0,-1.11029144634055,0
4.34334334334334,0,0,-1.11029144634051,0
4.34834834834835,0,0,-1.11029144634053,0
4.35335335335335,0,0,-1.11029144634052,0
4.35835835835836,0,0,-1.1102914463405,0
4.36336336336336,0,0,-1.11029144634053,0
4.36836836836837,0,0,-1.11029144634053,0
4.37337337337337,0,0,-1.11029144634053,0
4.37837837837838,0,0,-1.11029144634052,0
4.38338338338338,0,0,-1.11029144634052,0
4.38838838838839,0,0,-1.11029144634049,0
4.39339339339339,0,0,-1.11029144634051,0
4.3983983983984,0,0,-1.11029144634053,0
4.4034034034034,0,0,-1.11029144634049,0
4.40840840840841,0,0,-1.11029144634051,0
4.41341341341341,0,0,-1.11029144634048,0
4.41841841841842,0,0,-1.11029144634052,0
4.42342342342342,0,0,-1.1102914463405,0
4.42842842842843,0,0,-1.11029144634052,0
4.43343343343343,0,0,-1.11029144634052,0
4.43843843843844,0,0,-1.11029144634055,0
4.44344344344344,0,0,-1.11029144634053,0
4.44844844844845,0,0,-1.1102914463405,0
4.45345345345345,0,0,-1.11029144634052,0
4.45845845845846,0,0,-1.11029144634052,0
4.46346346346346,0,0,-1.11029144634051,0
4.46846846846847,0,0,-1.11029144634051,0
4.47347347347347,0,0,-1.11029144634056,0
4.47847847847848,0,0,-1.11029144634052,0
4.48348348348348,0,0,-1.11029144634052,0
4.48848848848849,0,0,-1.11029144634052,0
4.49349349349349,0,0,-1.11029144634054,0
4.4984984984985,0,0,-1.11029144634053,0
4.5035035035035,0,0,-1.11029144634049,0
4.50850850850851,0,0,-1.11029144634051,0
4.51351351351351,0,0,-1.11029144634049,0
4.51851851851852,0,0,-1.11029144634051,0
4.52352352352352,0,0,-1.11029144634054,0
4.52852852852853,0,0,-1.11029144634052,0
4.53353353353353,0,0,-1.11029144634053,0
4.53853853853854,0,0,-1.11029144634054,0
4.54354354354354,0,0,-1.11029144634055,0
4.54854854854855,0,0,-1.1102914463405,0
4.55355355355355,0,0,-1.11029144634052,0
4.55855855855856,0,0,-1.11029144634053,0
4.56356356356356,0,0,-1.11029144634053,0
4.56856856856857,0,0,-1.11029144634053,0
4.57357357357357,0,0,-1.11029144634056,0
4.57857857857858,0,0,-1.11029144634049,0
4.58358358358358,0,0,-1.1102914463405,0
4.58858858858859,0,0,-1.11029144634051,0
4.59359359359359,0,0,-1.11029144634052,0
4.5985985985986,0,0,-1.11029144634051,0
4.6036036036036,0,0,-1.11029144634052,0
4.60860860860861,0,0,-1.11029144634051,0
4.61361361361361,0,0,-1.11029144634051,0
4.61861861861862,0,0,-1.11029144634053,0
4.62362362362362,0,0,-1.11029144634055,0
4.62862862862863,0,0,-1.11029144634051,0
4.63363363363363,0,0,-1.11029144634052,0
4.63863863863864,0,0,-1.11029144634052,0
4.64364364364364,0,0,-1.11029144634053,0
4.64864864864865,0,0,-1.11029144634053,0
4.65365365365365,0,0,-1.11029144634053,0
4.65865865865866,0,0,-1.11029144634051,0
4.66366366366366,0,0,-1.11029144634053,0
4.66866866866867,0,0,-1.11029144634052,0
4.67367367367367,0,0,-1.1102914463405,0
4.67867867867868,0,0,-1.1102914463405,0
4.68368368368368,0,0,-1.11029144634052,0
4.68868868868869,0,0,-1.1102914463405,0
4.69369369369369,0,0,-1.11029144634053,0
4.6986986986987,0,0,-1.11029144634051,0
4.7037037037037,0,0,-1.11029144634053,0
4.70870870870871,0,0,-1.11029144634051,0
4.71371371371371,0,0,-1.11029144634053,0
4.71871871871872,0,0,-1.11029144634052,0
4.72372372372372,0,0,-1.11029144634052,0
4.72872872872873,0,0,-1.11029144634053,0
4.73373373373373,0,0,-1.11029144634051,0
4.73873873873874,0,0,-1.11029144634055,0
4.74374374374374,0,0,-1.11029144634051,0
4.74874874874875,0,0,-1.11029144634053,0
4.75375375375375,0,0,-1.11029144634052,0
4.75875875875876,0,0,-1.11029144634051,0
4.76376376376376,0,0,-1.11029144634048,0
4.76876876876877,0,0,-1.11029144634053,0
4.77377377377377,0,0,-1.11029144634055,0
4.77877877877878,0,0,-1.11029144634051,0
4.78378378378378,0,0,-1.11029144634052,0
4.78878878878879,0,0,-1.11029144634049,0
4.79379379379379,0,0,-1.11029144634054,0
4.7987987987988,0,0,-1.11029144634055,0
4.8038038038038,0,0,-1.11029144634052,0
4.80880880880881,0,0,-1.11029144634054,0
4.81381381381381,0,0,-1.11029144634051,0
4.81881881881882,0,0,-1.11029144634052,0
4.82382382382382,0,0,-1.11029144634053,0
4.82882882882883,0,0,-1.1102914463405,0
4.83383383383383,0,0,-1.11029144634052,0
4.83883883883884,0,0,-1.11029144634051,0
4.84384384384384,0,0,-1.11029144634053,0
4.84884884884885,0,0,-1.11029144634053,0
4.85385385385385,0,0,-1.11029144634051,0
4.85885885885886,0,0,-1.11029144634053,0
4.86386386386386,0,0,-1.1102914463405,0
4.86886886886887,0,0,-1.11029144634052,0
4.87387387387387,0,0,-1.11029144634054,0
4.87887887887888,0,0,-1.11029144634052,0
4.88388388388388,0,0,-1.11029144634052,0
4.88888888888889,0,0,-1.11029144634053,0
4.89389389389389,0,0,-1.11029144634053,0
4.8988988988989,0,0,-1.11029144634054,0
4.9039039039039,0,0,-1.11029144634051,0
4.90890890890891,0,0,-1.11029144634052,0
4.91391391391391,0,0,-1.11029144634054,0
4.91891891891892,0,0,-1.11029144634052,0
4.92392392392392,0,0,-1.11029144634053,0
4.92892892892893,0,0,-1.11029144634053,0
4.93393393393393,0,0,-1.11029144634051,0
4.93893893893894,0,0,-1.11029144634052,0
4.94394394394394,0,0,-1.11029144634051,0
4.94894894894895,0,0,-1.11029144634052,0
4.95395395395395,0,0,-1.11029144634051,0
4.95895895895896,0,0,-1.11029144634051,0
4.96396396396396,0,0,-1.11029144634052,0
4.96896896896897,0,0,-1.11029144634054,0
4.97397397397397,0,0,-1.11029144634052,0
4.97897897897898,0,0,-1.11029144634052,0
4.98398398398398,0,0,-1.11029144634051,0
4.98898898898899,0,0,-1.11029144634052,0
4.99399399399399,0,0,-1.11029144634051,0
4.998998998999,0,0,-1.11029144634053,0
5.004004004004,0,0,-1.11029144634051,0
5.00900900900901,0,0,-1.11029144634051,0
5.01401401401401,0,0,-1.1102914463405,0
5.01901901901902,0,0,-1.11029144634052,0
5.02402402402402,0,0,-1.11029144634052,0
5.02902902902903,0,0,-1.1102914463405,0
5.03403403403403,0,0,-1.11029144634052,0
5.03903903903904,0,0,-1.11029144634053,0
5.04404404404404,0,0,-1.11029144634052,0
5.04904904904905,0,0,-1.11029144634052,0
5.05405405405405,0,0,-1.11029144634053,0
5.05905905905906,0,0,-1.11029144634053,0
5.06406406406406,0,0,-1.11029144634051,0
5.06906906906907,0,0,-1.11029144634053,0
5.07407407407407,0,0,-1.1102914463405,0
5.07907907907908,0,0,-1.11029144634052,0
5.08408408408408,0,0,-1.11029144634053,0
5.08908908908909,0,0,-1.1102914463405,0
5.09409409409409,0,0,-1.1102914463405,0
5.0990990990991,0,0,-1.11029144634051,0
5.1041041041041,0,0,-1.11029144634053,0
5.10910910910911,0,0,-1.11029144634054,0
5.11411411411411,0,0,-1.11029144634052,0
5.11911911911912,0,0,-1.11029144634052,0
5.12412412412412,0,0,-1.11029144634052,0
5.12912912912913,0,0,-1.11029144634051,0
5.13413413413413,0,0,-1.11029144634052,0
5.13913913913914,0,0,-1.11029144634051,0
5.14414414414414,0,0,-1.11029144634054,0
5.14914914914915,0,0,-1.11029144634051,0
5.15415415415415,0,0,-1.11029144634051,0
5.15915915915916,0,0,-1.11029144634052,0
5.16416416416416,0,0,-1.11029144634052,0
5.16916916916917,0,0,-1.11029144634052,0
5.17417417417417,0,0,-1.11029144634051,0
5.17917917917918,0,0,-1.11029144634052,0
5.18418418418418,0,0,-1.11029144634052,0
5.18918918918919,0,0,-1.11029144634051,0
5.19419419419419,0,0,-1.11029144634053,0
5.1991991991992,0,0,-1.11029144634051,0
5.2042042042042,0,0,-1.11029144634053,0
5.20920920920921,0,0,-1.11029144634052,0
5.21421421421421,0,0,-1.11029144634052,0
5.21921921921922,0,0,-1.11029144634052,0
5.22422422422422,0,0,-1.11029144634052,0
5.22922922922923,0,0,-1.1102914463405,0
5.23423423423423,0,0,-1.11029144634052,0
5.23923923923924,0,0,-1.11029144634051,0
5.24424424424424,0,0,-1.11029144634052,0
5.24924924924925,0,0,-1.11029144634051,0
5.25425425425425,0,0,-1.11029144634051,0
5.25925925925926,0,0,-1.11029144634052,0
5.26426426426426,0,0,-1.11029144634051,0
5.26926926926927,0,0,-1.11029144634052,0
5.27427427427427,0,0,-1.11029144634053,0
5.27927927927928,0,0,-1.11029144634053,0
5.28428428428428,0,0,-1.11029144634052,0
5.28928928928929,0,0,-1.11029144634052,0
5.29429429429429,0,0,-1.11029144634053,0
5.2992992992993,0,0,-1.11029144634053,0
5.3043043043043,0,0,-1.11029144634051,0
5.30930930930931,0,0,-1.11029144634051,0
5.31431431431431,0,0,-1.11029144634052,0
5.31931931931932,0,0,-1.1102914463405,0
5.32432432432432,0,0,-1.11029144634052,0
5.32932932932933,0,0,-1.11029144634051,0
5.33433433433433,0,0,-1.11029144634052,0
5.33933933933934,0,0,-1.11029144634051,0
5.34434434434434,0,0,-1.11029144634052,0
5.34934934934935,0,0,-1.11029144634051,0
5.35435435435435,0,0,-1.11029144634052,0
5.35935935935936,0,0,-1.11029144634051,0
5.36436436436436,0,0,-1.11029144634049,0
5.36936936936937,0,0,-1.11029144634051,0
5.37437437437437,0,0,-1.11029144634051,0
5.37937937937938,0,0,-1.11029144634051,0
5.38438438438438,0,0,-1.11029144634051,0
5.38938938938939,0,0,-1.11029144634051,0
5.39439439439439,0,0,-1.11029144634053,0
5.3993993993994,0,0,-1.11029144634051,0
5.4044044044044,0,0,-1.11029144634051,0
5.40940940940941,0,0,-1.11029144634052,0
5.41441441441441,0,0,-1.11029144634053,0
5.41941941941942,0,0,-1.11029144634051,0
5.42442442442442,0,0,-1.11029144634052,0
5.42942942942943,0,0,-1.11029144634051,0
5.43443443443443,0,0,-1.11029144634051,0
5.43943943943944,0,0,-1.11029144634052,0
5.44444444444444,0,0,-1.1102914463405,0
5.44944944944945,0,0,-1.11029144634052,0
5.45445445445445,0,0,-1.11029144634052,0
5.45945945945946,0,0,-1.11029144634051,0
5.46446446446446,0,0,-1.1102914463405,0
5.46946946946947,0,0,-1.11029144634051,0
5.47447447447447,0,0,-1.11029144634049,0
5.47947947947948,0,0,-1.11029144634053,0
5.48448448448448,0,0,-1.11029144634052,0
5.48948948948949,0,0,-1.11029144634051,0
5.49449449449449,0,0,-1.11029144634053,0
5.4994994994995,0,0,-1.11029144634053,0
5.5045045045045,0,0,-1.11029144634052,0
5.50950950950951,0,0,-1.11029144634052,0
5.51451451451451,0,0,-1.11029144634053,0
5.51951951951952,0,0,-1.11029144634054,0
5.52452452452452,0,0,-1.11029144634051,0
5.52952952952953,0,0,-1.11029144634052,0
5.53453453453453,0,0,-1.11029144634051,0
5.53953953953954,0,0,-1.11029144634052,0
5.54454454454454,0,0,-1.11029144634051,0
5.54954954954955,0,0,-1.11029144634051,0
5.55455455455455,0,0,-1.11029144634051,0
5.55955955955956,0,0,-1.11029144634052,0
5.56456456456456,0,0,-1.11029144634053,0
5.56956956956957,0,0,-1.11029144634052,0
5.57457457457457,0,0,-1.1102914463405,0
5.57957957957958,0,0,-1.11029144634052,0
5.58458458458458,0,0,-1.1102914463405,0
5.58958958958959,0,0,-1.11029144634052,0
5.59459459459459,0,0,-1.11029144634053,0
5.5995995995996,0,0,-1.11029144634052,0
5.6046046046046,0,0,-1.11029144634054,0
5.60960960960961,0,0,-1.11029144634051,0
5.61461461461461,0,0,-1.11029144634052,0
5.61961961961962,0,0,-1.11029144634054,0
5.62462462462462,0,0,-1.11029144634052,0
5.62962962962963,0,0,-1.11029144634051,0
5.63463463463463,0,0,-1.11029144634051,0
5.63963963963964,0,0,-1.11029144634051,0
5.64464464464464,0,0,-1.1102914463405,0
5.64964964964965,0,0,-1.11029144634052,0
5.65465465465465,0,0,-1.11029144634053,0
5.65965965965966,0,0,-1.11029144634052,0
5.66466466466466,0,0,-1.1102914463405,0
5.66966966966967,0,0,-1.11029144634052,0
5.67467467467467,0,0,-1.11029144634052,0
5.67967967967968,0,0,-1.11029144634053,0
5.68468468468468,0,0,-1.11029144634052,0
5.68968968968969,0,0,-1.11029144634053,0
5.69469469469469,0,0,-1.11029144634054,0
5.6996996996997,0,0,-1.11029144634051,0
5.7047047047047,0,0,-1.11029144634051,0
5.70970970970971,0,0,-1.11029144634051,0
5.71471471471471,0,0,-1.11029144634053,0
5.71971971971972,0,0,-1.11029144634052,0
5.72472472472472,0,0,-1.1102914463405,0
5.72972972972973,0,0,-1.11029144634051,0
5.73473473473473,0,0,-1.11029144634051,0
5.73973973973974,0,0,-1.1102914463405,0
5.74474474474474,0,0,-1.11029144634055,0
5.74974974974975,0,0,-1.11029144634052,0
5.75475475475475,0,0,-1.11029144634052,0
5.75975975975976,0,0,-1.1102914463405,0
5.76476476476476,0,0,-1.11029144634052,0
5.76976976976977,0,0,-1.11029144634055,0
5.77477477477477,0,0,-1.11029144634052,0
5.77977977977978,0,0,-1.11029144634052,0
5.78478478478478,0,0,-1.11029144634051,0
5.78978978978979,0,0,-1.11029144634054,0
5.79479479479479,0,0,-1.11029144634053,0
5.7997997997998,0,0,-1.11029144634051,0
5.8048048048048,0,0,-1.1102914463405,0
5.80980980980981,0,0,-1.1102914463405,0
5.81481481481481,0,0,-1.11029144634051,0
5.81981981981982,0,0,-1.11029144634053,0
5.82482482482482,0,0,-1.11029144634051,0
5.82982982982983,0,0,-1.11029144634052,0
5.83483483483483,0,0,-1.11029144634053,0
5.83983983983984,0,0,-1.11029144634054,0
5.84484484484484,0,0,-1.11029144634053,0
5.84984984984985,0,0,-1.11029144634052,0
5.85485485485485,0,0,-1.11029144634052,0
5.85985985985986,0,0,-1.11029144634053,0
5.86486486486486,0,0,-1.11029144634052,0
5.86986986986987,0,0,-1.11029144634051,0
5.87487487487487,0,0,-1.11029144634051,0
5.87987987987988,0,0,-1.11029144634051,0
5.88488488488488,0,0,-1.11029144634052,0
5.88988988988989,0,0,-1.11029144634053,0
5.89489489489489,0,0,-1.1102914463405,0
5.8998998998999,0,0,-1.11029144634052,0
5.9049049049049,0,0,-1.11029144634053,0
5.90990990990991,0,0,-1.1102914463405,0
5.91491491491491,0,0,-1.11029144634051,0
5.91991991991992,0,0,-1.11029144634053,0
5.92492492492492,0,0,-1.11029144634053,0
5.92992992992993,0,0,-1.11029144634051,0
5.93493493493493,0,0,-1.11029144634051,0
5.93993993993994,0,0,-1.11029144634053,0
5.94494494494494,0,0,-1.1102914463405,0
5.94994994994995,0,0,-1.11029144634051,0
5.95495495495495,0,0,-1.11029144634052,0
5.95995995995996,0,0,-1.1102914463405,0
5.96496496496496,0,0,-1.11029144634054,0
5.96996996996997,0,0,-1.11029144634051,0
5.97497497497497,0,0,-1.11029144634052,0
5.97997997997998,0,0,-1.11029144634051,0
5.98498498498498,0,0,-1.11029144634053,0
5.98998998998999,0,0,-1.11029144634051,0
5.99499499499499,0,0,-1.11029144634051,0
6,0,0,-1.11029144634052,0
