Mach_Number,f,Thrust_I,TSFC,Norm_dI_deta,Norm_dI_dpi,Norm_dTSFC_deta,Norm_dTSFC_dpi
1,0.0529302325581395,624.898270150761,0.304927771944914,0.659721730362282,1.04371315024065,-0.655397927812172,-1.03293229999257
1.1,0.0527153488372093,670.088315916067,0.283209319288779,0.66251815346657,0.870282946044066,-0.658157738967478,-0.862774367857765
1.2,0.05248,711.404136130464,0.265570567283506,0.665527351116583,0.738230937431003,-0.661127367659109,-0.73282102590179
1.3,0.0522241860465116,748.860187441165,0.251057637888131,0.668738085423285,0.635379060962844,-0.664295687163393,-0.631367484170697
1.4,0.0519479069767442,782.513970736507,0.238989298734516,0.672139225609287,0.553719970276509,-0.667651676799074,-0.550670796107969
1.5,0.0516511627906977,812.458084204634,0.228866189729091,0.675719861437196,0.487814324923494,-0.671184534232515,-0.48544624858312
1.6,0.0513339534883721,838.812668842632,0.220314069425208,0.679469394042674,0.433862877153545,-0.674883765411341,-0.431988638816201
1.7,0.0509962790697674,861.718496908917,0.213047074316855,0.683377605705168,0.389147270801792,-0.678739253644637,-0.387638785049205
1.8,0.0506381395348837,881.330851460388,0.206843209929063,0.687434710661766,0.35168119762794,-0.682741309913388,-0.350448735318494
1.9,0.0502595348837209,897.814261412736,0.201527569072795,0.691631389374817,0.319986133217659,-0.686880706799038,-0.318965487886677
2,0.0498604651162791,911.338093062716,0.196960574549639,0.695958808753852,0.292943299079316,-0.691148698505031,-0.292087647887389
2.1,0.0494409302325581,922.072954577892,0.193029573152038,0.700408630766064,0.26969362570738,-0.695537029382093,-0.268968235521011
2.2,0.0490009302325581,930.18784191999,0.189642716113228,0.704973011698156,0.249568724723711,-0.700037933197454,-0.248947429797928
2.3,0.0485404651162791,935.847939720047,0.186724431397347,0.709644594101168,0.232042356091621,-0.704644125159329,-0.231505166049852
2.4,0.0480595348837209,939.212985451272,0.184212024600858,0.714416493188427,0.21669572266809,-0.70934878844951,-0.21622716764456
2.5,0.0475581395348837,940.436106883487,0.182053093317474,0.719282279190988,0.203192268778159,-0.714145556753616,-0.202780235017977
2.6,0.0470362790697674,939.663048802822,0.180203536647417,0.724235956922361,0.191259122718399,-0.719028494028091,-0.190894020489488
2.7,0.0464939534883721,937.031713447712,0.178626006095662,0.729271943571034,0.180673256187816,-0.723992072512532,-0.180347416637719
2.8,0.0459311627906977,932.671948664879,0.177288687928498,0.734385045534488,0.171251040443253,-0.72903114979311,-0.170958272622652
2.9,0.0453479069767442,926.705527477681,0.176164337295604,0.739570434929307,0.16284028074027,-0.73414094554535,-0.162575542270823
3,0.0447441860465116,919.246271977669,0.175229505604517,0.744823626264594,0.155314081059725,-0.739317018438269,-0.15507323049681
3.1,0.04412,910.400282848718,0.17446391767696,0.750140453637477,0.148566075952827,-0.744555243555891,-0.148345684590387
3.2,0.0434753488372093,900.266243245026,0.17384996603872,0.755517048712282,0.142506694479601,-0.749851790594278,-0.142303901892902
3.3,0.0428102325581395,888.935772126099,0.173372297574093,0.760949819661096,0.137060211218051,-0.755203103010657,-0.136872613325119
3.4,0.0421246511627907,876.493807538391,0.17301747357685,0.766435431179474,0.132162403339126,-0.760605878237032,-0.131987964872627
3.5,0.0414186046511628,863.019004804134,0.1727736885447,0.771970785641647,0.127758678814164,-0.766057049021859,-0.127595664279265
3.6,0.0406920930232558,848.584138235427,0.172630536305263,0.777553005421537,0.123802574348835,-0.771553765926145,-0.123649493093216
3.7,0.0399451162790698,833.256497944679,0.172578814517926,0.783179416375406,0.120254546324299,-0.777093380969642,-0.120110108458293
3.8,0.0391776744186047,817.098275677886,0.172610360473428,0.788847532464882,0.117080996400067,-0.782673432406094,-0.116944077109351
3.9,0.0383897674418605,800.16693545363,0.172717912559518,0.794555041479316,0.114253487285624,-0.788291630586931,-0.114123097666744
4,0.0375813953488372,782.515566236213,0.172894992883725,0.800299791810696,0.111748114774057,-0.793945844867137,-0.11162337775377
4.1,0.0367525581395349,764.193214982541,0.173135807421881,0.806079780225304,0.109545010372665,-0.799634091497939,-0.109425140591041
4.2,0.0359032558139535,745.245199244428,0.173435160751489,0.811893140574331,0.107627955413511,-0.805354522449261,-0.107512242185419
4.3,0.035033488372093,725.713399135364,0.173788382975702,0.817738133382791,0.105984092910207,-0.81110541510157,-0.105871885552657
4.4,0.0341432558139535,705.636528928657,0.17419126687907,0.823613136257718,0.104603728037344,-0.816885162749171,-0.104494422975321
4.5,0.0332325581395349,685.050388879024,0.174640013704821,0.829516635057269,0.103480212279694,-0.822692265856681,-0.103373241430035
4.6,0.0323013953488372,663.988098082017,0.175131186224139,0.835447215763209,0.102609910362937,-0.828525324011862,-0.102504730351014
4.7,0.0313497674418605,642.480309329033,0.175661667995025,0.841403557004767,0.10199225333736,-0.834383028523723,-0.101888335128476
4.8,0.0303776744186047,620.555406999214,0.176228627892876,0.847384423181584,0.10162988603156,-0.840264155613352,-0.101526704557445
4.9,0.0293851162790698,598.23968906828,0.176829489145741,0.853388658139034,0.101528922989602,-0.846167560151861,-0.101425946318679
5,0.0283720930232558,575.557534320149,0.177461902230797,0.85941517935027,0.101699334595483,-0.852092169900113,-0.101596012127183
5.1,0.0273386046511628,552.531555829249,0.178123721090422,0.865462972564388,0.102155495316368,-0.858036980209751,-0.102051244362207
5.2,0.0262846511627907,529.182741746885,0.178812982210419,0.871531086882062,0.102916940243526,-0.864001049147748,-0.102811130174119
5.3,0.0252102325581395,505.5305843793,0.179527886172773,0.877618630223372,0.104009396526349,-0.86998349300885,-0.103901329380675
5.4,0.0241153488372093,481.593198492362,0.180266781353496,0.883724765154187,0.10546618627977,-0.875983482183472,-0.10535507230295
5.5,0.023,457.387429721172,0.181028149484728,0.889848705043135,0.107330142586353,-0.882000237352572,-0.107215068500457
5.6,0.0218641860465116,432.928953904661,0.181810592841004,0.895989710518515,0.109656249437661,-0.888033025979732,-0.1095361362189
5.7,0.0207079069767442,408.232368107121,0.18261282284387,0.902147086203668,0.112515325383764,-0.894081159078753,-0.11238887068021
5.8,0.0195311627906977,383.311274031723,0.183433649907966,0.90832017770425,0.115999246517335,-0.900143988230762,-0.115864844171117
5.9,0.0183339534883721,358.178354476292,0.184271974376129,0.914508368828028,0.12022849637436,-0.90622090283156,-0.120084121041242
6,0.0171162790697674,332.845443429492,0.185126778411842,0.920711079017968,0.125363330488454,-0.912311327550073,-0.125206367616029
